,word,pos,mean
0,(a) penny for your thoughts,idiom,你在想甚麼呢
1,a leap in the dark,idiom,輕舉妄動/莽撞舉動
2,abash,verb,使羞愧/使窘迫/使尴尬
3,abide,verb,無法容忍/居住/停留
4,abolish,verb,廢除
5,abound,verb,大量存在；有很多
6,abrupt,adjective,突然的/意外的/（言語）生硬的/魯莽的/唐突的
7,absurd,adjective,荒謬的/可笑的/荒誕（的事物）/悖理
8,acclaimed,adjective,受稱贊的/受擁戴的
9,accolade,noun,讚美/讚賞/榮譽/嘉獎
10,accredit,verb,鑒定…為合格/認可/認為…屬實/授權
11,acquaintance,noun,熟人/泛泛之交/結識/（對某一學科的）所知/了解
12,acquire,verb,取得/獲得/購得/學到
13,acrobatics,noun,雜技
14,adeptly,adverb,熟練地
15,adherent,adjective,黏性的/黏著的/附著的
16,adherent,noun,信徒；追隨者；擁護者
17,adore,verb,（尤指崇敬地）愛慕/熱愛/崇拜
18,adorn,verb,裝扮/裝飾
19,advanced,adjective,先進的/高等的；高級的/高級班／課程
20,advent,noun,（事件、發明或人物的）出現/來臨/到來/降臨節；將臨期（聖誕節前的四個星期）
21,adversary,noun,對手/敵手
22,aesthetic,adjective,美感的/審美的/美學的/藝術的
23,affirm,verb,證實/確認/斷言/（公開）聲明
24,aftermath,noun,（不愉快事件）結束後的一個時期；（不愉快事件的）後果
25,agenda,noun,議事日程/（會議的）議程/（待辦的）事項/隱秘目的|不為人所知的意圖
26,aggravate,verb,使（局勢等）更嚴重/加劇/使（病情）惡化/激怒
27,agile,adjective,敏捷的/靈活的/機靈的/（工作中）見機行事的/反應快速的
28,agony,noun,（肉體或精神的）極度痛苦
29,ailing,adjective,境況不佳的/處境困難的；不景氣的/生病的/身體不佳的
30,akin,adjective,相似的
31,align yourself with sth/sb,phrasal verb,與…保持一致；與…結盟
32,allowance,noun,津貼/定量；限額/顧及/為…留出餘地/體諒/慮及
33,allure,noun,誘惑/魅力
34,altogether,adverb,總共/完全/總之
35,altogether,noun,赤身裸體
36,amass,verb,集聚/積累/大量收集（尤指錢或資訊）
37,amendment,noun,修改/修正案/修正條款
38,amenity,noun,生活福利設施/便利設施；娛樂消遣設施/基本生活設施
39,amiable,adjective,和藹可親的/親切的/令人愉悅的/友好的
40,amid,preposition,在…中間/在…當中/為…環繞
41,amnesty,noun,（對政治犯的）赦免/大赦/赦免期
42,anecdote,noun,軼事
43,anti-tumor,adjective,抗腫瘤的（anti-tumour的美式拼寫）
44,antiquity,noun,（尤指六世紀以前的）古代/古物/古董/古跡
45,apathy,noun,無興趣/懈怠/（尤指對重要事情的）漠不關心/無動於衷
46,appal,verb,使驚駭/使震驚
47,appalling,adjective,壞到極點的；糟透的/駭人聽聞的/令人震驚的；極為惡劣的
48,appeal,noun,（尤指向公眾的）呼籲/求助/（尤指為了改變法律或官方裁決而提出的）訴請/異議/吸引力/感染力/魅力
49,appeal,verb,（尤指向公眾）呼籲/求助/（尤指為尋求減輕處罰而向更高一級法院提出）上訴/提出異議/申訴/對…有吸引力/對…有感染力/引起興趣
50,appease,verb,撫慰/姑息
51,appendage,noun,附加物/附屬物/附肢/附（屬）器（指臂、腿或身體其他部位）
52,applicable,adjective,生效的；適合的/適用的
53,approach,noun,方法/態度/靠近/臨近/通道/路徑/與…最近似（或相似）的事物/接洽/要求
54,approach,verb,靠近；接近；臨近/著手處理；對付/交涉/找…商談
55,appropriation,noun,據為己有/挪用/撥款
56,aptly,adverb,適當地/恰當地/合適地
57,arduous,adjective,艱難的/艱巨的；費力的
58,aridity,noun,乾旱/缺水/枯燥無味
59,aristocrat,noun,貴族/貴族成員
60,armor,noun,（armour的美式拼寫）
61,ascribe sth to sth,phrasal verb,把…歸因於/認為…是由於
62,aseptic,adjective,經消毒的/無菌的
63,aspiration,noun,志向/抱負；渴望達到的目標/送氣/送氣音
64,aspire to sth,phrasal verb,追求/渴望/有志於
65,assassin,noun,（通常為政治目的或錢殺死名人或重要人物的）暗殺者/行刺者/刺客
66,assert,verb,堅持自己的主張/表現堅定/斷言/主張/堅持
67,assertion,noun,斷言/明確肯定
68,assertive,adjective,堅定自信的；果敢的
69,assumption,noun,假設/臆斷/奪取/獲得（權力等）；承擔（責任等）
70,attainment,noun,實現；獲得；贏得/成就；造詣
71,attire,noun,（尤指特定樣式或正式的）服裝/衣著
72,auction,noun,拍賣
73,auction,verb,拍賣
74,audacious,adjective,大膽的/敢於冒險的/魯莽的/放肆的
75,auditorium,noun,觀眾席/劇院/禮堂
76,aurora,noun,極光
77,autism,noun,孤獨症/自閉症
78,automate,verb,使自動化
79,aviation,noun,航空（學）；飛行（術）；航空工業
80,awe-inspiring,adjective,令人敬畏的/令人欽佩的
81,babble,noun,亂哄哄的聲音（尤指多人唧唧喳喳的說話聲）
82,babble,verb,牙牙學語/含糊不清地說/興奮地說/胡言亂語/（小溪）潺潺作響
83,backdrop,noun,背景幕/背景/（事件的）背景
84,backfire,verb,（計劃）產生適得其反的結果/產生反效果/（引擎）發生逆火
85,badge,noun,徽章/獎章/證章/紀念章
86,bandwagon,noun,流行/浪潮/時尚
87,barometer,noun,氣壓計/（顥示特定形勢或人們對某一問題態度變化的）晴雨錶/標誌
88,bazaar,noun,（尤指中東和南亞的）市場/市集
89,be nothing short of...,idiom,（用於強調狀況或品行）簡直就是/極其
90,be on the cards,idiom,很可能發生
91,behead,verb,砍…的頭/斬…之首
92,belch,verb,打嗝
93,benign,adjective,慈祥的/和善的/良性的
94,bespeak,verb,暗示；表明
95,bestow,verb,贈予/給予
96,bid,noun,出價/投標/企圖得到；努力爭取
97,bid,verb,喊價競買/投標/爭取；競爭/打招呼/請求
98,bind,noun,困境
99,bind,verb,捆綁；捆紮/使團結；使聯合/包紮/裝訂（書籍）/（使）黏合/（使）凝結
100,blacksmith,noun,鐵匠/馬蹄鐵匠人
101,bladder,noun,膀胱
102,blast,exclamation,該死/討厭
103,blast,noun,爆炸；爆破/一陣強勁的氣流/（突然發出的）響聲/（公司、組織等傳發的）群發電子郵件
104,blast,verb,炸毀；爆破/産生巨大噪聲/抨撃
105,bloated,adjective,膨脹的；腫脹的；臃腫的/過於龐大的；巨富的
106,blunt,adjective,不鋒利的/直率的/生硬的/直截了當的
107,blunt,noun,大麻煙捲
108,blunt,verb,使變鈍/使（情感）減弱
109,booth,noun,小房間/小帳篷/小間/（餐館裡牆邊的）隔間
110,bound,adjective,肯定的/極有可能的/必然的/受束縛的/受約束的；（法律或道德上）有義務的/綁住的/去…的/開往…的
111,bound,noun,跳躍/（法律或社會的）界限/限制
112,bound,suffix,往…方向的/受限於…的
113,bound,verb,跳躍/跳躍著前進/（bind的過去式及過去分詞）
114,bout,noun,（疾病的）發作/（某活動的）一段/拳撃比賽
115,brainchild,noun,腦力勞動的産物/智力結晶
116,brave,adjective,勇敢的/無畏的
117,brave,noun,（冒犯性用語）美洲印第安武士
118,brave,verb,勇敢面對/冒（風險）
119,breeze,noun,和風/微風/（常指出乎意料的）輕而易舉的事
120,breeze,verb,飄然而行/輕盈而自信地走/輕鬆完成；輕鬆贏得
121,bribery,noun,賄賂/收買
122,brim,noun,帽檐/（容器的）邊
123,brim,verb,注滿/裝滿（尤指液體）
124,bring sth to light,idiom,發現…；使…公開
125,brisk,adjective,輕快的/生氣勃勃的
126,brood,noun,一窩雛鳥/…的孩子
127,brood,verb,憂思/擔憂/怨忿地想
128,buckle,noun,（皮帶等的）搭扣/扣環
129,buckle,verb,用扣環扣住/彎曲/變形/屈服於（困境）
130,bunch,noun,串/束/紮/一幫人/精英/精品
131,buzzword,noun,（尤指在電視或報紙上頻繁使用的）時髦詞語
132,cacophony,noun,刺耳嘈雜的聲音/雜音
133,cadet,noun,軍校學員/警校學員
134,call into question,idiom,引起對…的懷疑/使懷疑
135,call it a day,idiom,結束工作/到此為止/收工
136,camouflage,noun,（軍事）掩護/隱蔽/偽裝/（動植物的）保護色/掩飾；偽裝；隱瞞
137,campaign,noun,（尤指政治、商業或軍事的）專門活動/運動/戰役/作戰
138,campaign,verb,從事活動；開展運動；發起運動
139,canine,adjective,犬的/狗的
140,canine,noun,（人的）犬齒/狗
141,captivate,verb,迷住
142,captive,noun,囚徒/（尤指）戰俘/囚禁
143,carpool,noun,合夥用車的一群人/拼車族（尤指上下班或上學、放學一起走的一群人/通常每天用其中一人的車）/（公司等的）公用車隊
144,carriage,noun,（尤指舊時的）四輪馬車/（火車）車廂/貨運/運費/儀態；姿態
145,cast,noun,（一部電影、戲劇或演出的）全體演員/鑄件/鑄造品/石膏紗布/石膏夾/打著石膏
146,cast,verb,分配…扮演（某角色）/為…選派演員/投射/使更易理解/看一眼（向…一笑）/匆匆瀏覽/拋擲/撒（網）/使對…產生懷疑/詆毀/追憶/投票/鑄造/唸咒語/使…入魔
147,catalyst,noun,催化劑/促成變化的人；引發變化的事件
148,catastrophe,noun,大災難；大災禍/困境/不利的局面
149,cellar,noun,（通常用於儲物的）地窖/地下室
150,cement,noun,水泥/膠合劑/黏固劑
151,cement,verb,（在表面上）塗上水泥/（用水泥）黏合/加強/鞏固（協議或友誼）
152,censorship,noun,審查/審查制度
153,census,noun,（官方的）調查/統計/（尤指）人口普查
154,chant,noun,反覆說（或吟唱）的詞語
155,chant,verb,重複地說（或唱）；反覆吟唱；反覆唸誦/反復地（用簡單的調子）頌唱禱文
156,chronic,adjective,（尤指疾病或不好的事物）慢性的/長期的/很糟的/很不好的
157,chuckle,verb,輕聲笑/暗自發笑
158,chunky,adjective,（衣服）厚實的/厚重的/（首飾）沉甸甸的/（人）敦實的/矮胖壯實的
159,churn sth out,phrasal verb,（不顧品質快速地）大量生產/粗製濫造
160,clash,noun,衝突/打鬥/爭論/（觀點或品質等的）分歧/衝突/巨大差異/不搭配/（時間上的）衝突/矛盾
161,clash,verb,打鬥/發生衝突/爭論/（兩種意見、聲明或品質）有分歧/相牴觸/（在比賽中）激烈競爭/不調和/相矛盾
162,clasp,noun,緊抱/緊握/扣子/扣環
163,clasp,verb,抱緊/握緊/抓緊/攥緊
164,classy,adjective,流行的/時髦的/豪華的
165,clause,noun,（法律文件的）條款/子句
166,cliché,noun,陳腔濫調/老生常談/老套的話
167,cling,verb,依附/抓緊/緊挨著/接近/依戀
168,clutch,adjective,在危機時刻可以信賴的/在緊急關頭做出的
169,clutch,noun,（人或物）一小群/一簇/掌控/控制
170,clutch,verb,（通常指因恐懼、焦慮或痛苦而）緊抓/緊握
171,clutter,noun,雜亂/淩亂/雜亂的東西
172,clutter,verb,塞滿/亂堆在/使散亂
173,cocoon,noun,繭/卵袋/安全寧靜的地方/避風港
174,cocoon,verb,給…加上保護層/將…裹住
175,coerce,verb,強制/強迫；威逼/脅迫
176,coherent,adjective,（論據、觀點、計劃）有條理的/連貫的/前後一致的/清楚明白的
177,coil,noun,圈/（電）線圈
178,coil,verb,盤繞/捲成捲狀
179,come about,phrasal verb,發生；產生；出現
180,come along,phrasal verb,到達/出現/跟隨/（用於催促）快/開始存在；出現；降臨/發展；進步
181,come around,phrasal verb,（同 come round）
182,come by sth,phrasal verb,得到/弄到/獲得
183,come down,phrasal verb,倒下/落下/降落/（價格或水準）下降/（狂喜之後）平靜下來/決定支持/感覺藥效已過/（尤指從牛津大學或劍橋大學）離校/南下
184,come down to sth,phrasal verb,歸根結底在於/簡而言之
185,come through,phrasal verb,（資料或文件）傳來/流露出/顯現出
186,come to pass,idiom,發生
187,come under fire,idiom,遭受批評
188,come under sth,phrasal verb,突然體驗/突然受到/（資訊）可在…之下查到/歸…管；由…處理
189,comically,adverb,古怪可笑地/滑稽地
190,commerce,noun,商業/商務/貿易/交易
191,commission,noun,（負責調查問題真相或原因的）委員會/傭金；回扣/委託/犯罪/軍官的職務（或職權）
192,commission,verb,（正式地）安排…做/委託…做/委任（或任命）…為軍官
193,commotion,noun,喧鬧/喧囂/混亂/騷動
194,communal,adjective,公共的/共有的/集體的/（較大社會群體內）不同群體之間的
195,compact,adjective,緊湊的；密實的；小巧的
196,compact,noun,（裝女性敷面用香粉的）帶鏡粉盒/小型汽車/契約/協定
197,compact,verb,壓縮；把…壓實；把…壓緊
198,compatible,adjective,可共存的；協調的；相容的
199,compatriot,noun,同國人/同胞/夥伴/同事
200,compel,verb,強迫；逼迫；迫使/引發
201,compelling,adjective,很有說服力的/引人入勝的/扣人心弦的
202,competence,noun,能力/才能/水準
203,complement,noun,補語
204,complement,verb,補充；補足；使完善；為…增色
205,complimentary,adjective,讚美的/恭維的/（尤指票、書等由公司）免費贈送的
206,comply,verb,服從；遵守；依從
207,compromise,noun,妥協；折衷；讓步；和解
208,compromise,verb,妥協；折衷；讓步/放棄/背離/降低/危及
209,compulsive,adjective,難以抑制的/強烈衝動引起的/強迫性的/（電影、戲、體育項目、書等）引人入勝的/慾罷不能的
210,comrade,noun,（尤指共患難過的）朋友/同志/（通常指）戰友/朋友般的；戰友般的；友好的
211,concentration,noun,專注/聚集/濃度
212,concentric,adjective,（指圓）同心的
213,concerted,adjective,一致的；協商好的；共同籌劃的/協同一致的；齊心協力的；全力以赴的
214,concise,adjective,簡潔的/簡明的/簡練的/簡明扼要的
215,concrete,adjective,確定的/確實的；具體的/有形的
216,concrete,noun,混凝土
217,concrete,verb,用混凝土覆蓋
218,condemn,verb,（通常指出於道義而）譴責/指責
219,condense,verb,壓縮/縮短（講話或文章）/（使）凝固/（使）凝結
220,conductivity,noun,導電性/導熱性
221,congested,adjective,堵塞的；擁擠的；擠滿的/擁堵的/（通常指由於染病而鼻子）阻塞的/（肺部或其他身體部位）充血的/充滿液體的
222,congregation,noun,（在宗教場所參加膜拜、祈禱的）會衆/信眾
223,connoisseur,noun,（藝術品、食品、飲料等的）鑒賞家/鑒定家/行家
224,connotation,noun,內涵意義/隱含意義/聯想意義
225,conscience,noun,良心/良知
226,conscientious,adjective,認真的/盡心盡責的/一絲不苟的
227,consecutive,adjective,連續的/連貫的/無間斷的
228,consensus,noun,一致的意見/共識
229,consent,noun,許可/普遍認可
230,consent,verb,同意/答應/許可/允許
231,consistency,noun,（尤指黏稠液體的）黏稠度/黏稠性/連貫性；一致性
232,consolation,noun,安慰/慰藉/給人帶來安慰的事物
233,console,noun,（電子設備或機器的）操縱臺/控制臺/儀表板
234,console,verb,安慰/安撫/撫慰/慰藉
235,conspiracy,noun,陰謀/密謀/謀劃/保持緘默的密約
236,constipation,noun,便秘
237,constitute,verb,被視爲/構成
238,constrain,verb,限制；約束；束縛
239,constraint,noun,限制；束縛；約束/拘束；局促/被強迫地；迫於壓力；在強制下
240,consume,verb,（尤指大量地）消耗/消費/（尤指大量地）吃/（火）吞噬/充滿（某種強烈的感情）
241,contagious,adjective,（疾病）接觸性傳染的/（人）患傳染病的/（情感）具有感染力的/蔓延的
242,contemplation,noun,盤算/沈思/冥想
243,contempt,noun,鄙視/輕蔑/對…不屑一顧/藐視法庭（罪）
244,contend,verb,競爭；爭奪/聲稱/斷言/主張
245,contend with sth,phrasal verb,必須處理/必須應對（困境或不愉快的事）
246,contentious,adjective,有爭議的/引起爭論的/可能引發爭議的
247,contest,noun,比賽/競賽/（為贏得選舉或權力而進行的）爭取/爭奪
248,contest,verb,質疑/駁斥/競爭/角逐
249,continual,adjective,（通常指令人討厭或引起不便地）頻頻的/頻繁的/再三的
250,continuous,adjective,不斷的/連續的/持續的
251,contract,noun,合同/契約/簽訂合同（為某公司或某人工作）/有合同約束
252,contract,verb,（使）收縮；（使）縮小；（使）縮短/感染（疾病）/（與…）訂契約
253,contradict,verb,反駁/否定/（事實或聲明）（與…）相矛盾/（與…）有抵觸
254,contradiction,noun,矛盾/用詞自相矛盾的話
255,converge,verb,交會/匯合/（觀點等）趨於一致/趨同/聚集
256,conviction,noun,定罪/堅定的信念/堅定的信仰/堅信
257,cord,noun,索/線
258,corrective,adjective,改正的/糾正的/（醫療）矯正的
259,corrective,noun,糾正物；矯正物/起矯正作用的東西
260,correlate,verb,相互關係；聯繫；相關
261,corrupt,adjective,貪贓舞弊的/墮落的/道德敗壞的/（電腦上的資訊）被破壞的/有錯誤的
262,corrupt,verb,腐蝕…/使腐化墮落/使道德敗壞/破壞（電腦上的資料）
263,cosmos,noun,（視作有序體系的）宇宙
264,cottage,noun,（通常指鄉村中的）小屋/村舍
265,counter,adverb,相反地/對立地
266,counter,noun,櫃枱/（遊戲）籌碼/計數的人/計數器
267,counter,prefix,反/逆
268,counter,verb,反駁/對抗
269,counteract,verb,抵消；對抗；減少
270,coupon,noun,優惠券
271,courtesan,noun,（舊時與富人或要人交往的）高級妓女/交際花
272,courtier,noun,（尤指舊時的）朝臣/侍臣
273,covet,verb,覬覦/垂涎（尤指他人之物）；貪求/渴望
274,cozy,adjective,（cosy的美式拼寫）
275,crafty,adjective,狡猾的/狡詐的/詭計多端的
276,cramp,noun,痙攣/抽筋（常出現在大量運動後）/（女性經期的）腹絞痛
277,cramp,verb,限制/束縛；阻礙/妨礙
278,credit,noun,讚揚/榮譽/是…的驕傲/賒購/信用貸款/學分
279,credit,verb,把錢存進銀行帳戶/信任/相信（不大可能的事）
280,creed,noun,信條/信念/教義/（在教堂中宣讀的基督教的）信經
281,cripple,noun,瘸子/感情有缺陷的人
282,cripple,verb,使受傷致殘；使跛/嚴重損壞；嚴重削弱/傷殘的/嚴重的；造成嚴重傷害的
283,critter,noun,生靈/動物
284,crop up,phrasal verb,意外發生；冒出；突然出現
285,crouch,verb,蹲下/蹲伏；蜷縮
286,crumb,noun,麵包屑/糕餅渣/少許/點滴
287,crumble,noun,酥皮水果甜點心
288,crumble,verb,（使）粉碎；（使）成碎屑/（力量和影響力）減弱/崩潰/敗落
289,crust,noun,（某物的）硬皮/外殼/麵包皮
290,cuddle,verb,抱；（互相）擁抱/摟抱
291,culinary,adjective,烹飪的/廚房的
292,culprit,noun,過失者；責任人/問題的起因；罪魁禍首
293,cult,adjective,熱門的/流行的/被視爲偶像的
294,cult,noun,邪教/異端/宗教膜拜/宗教信仰/流行/崇拜
295,curate,noun,（尤指英國國教會的）助理牧師
296,curate,verb,策劃（展覽等）
297,curb,noun,控制/限制/抑制
298,curb,verb,控制；限制/約束；抑制
299,cushion,noun,墊子/起保護（或緩衝）作用的事物
300,cushion,verb,對（某事物的影響或力量）起緩衝作用
301,cut your losses,idiom,及時放棄無利可圖之事/知難而退/及早撒手
302,dampen,verb,使潮濕/把…弄潮/使受潮/使（尤指興奮或喜悅之情）平靜下來；穩定（情緒）；對…潑冷水
303,dash,exclamation,糟糕/討厭（表示氣惱）
304,dash,noun,飛奔/急馳/短跑比賽/破折號/（尤指添加的流質食品）少量/氣魄/銳氣
305,dash,verb,猛衝/跑/猛擊/猛撞；（尤指）撞碎
306,debrief,verb,詳細詢問/盤問（執行任務的情況）
307,deceit,noun,欺騙
308,decent,adjective,正派的；體面的/正經的；像樣的/相當不錯的/穿好衣服的
309,decommission,verb,關閉/停止使用（設備或武器）
310,defecate,verb,排便
311,defiance,noun,對抗/對立/違抗
312,defiant,adjective,對抗的/違抗的/挑釁的/不接受批評的
313,deformed,adjective,畸形的/變形的
314,degradable,adjective,可降解的/能夠自然分解的
315,delegate,noun,（尤指會議的）代表
316,delegate,verb,（把…）委派（給…）/（把…）委託（給…）/授權（給…）/選出（尤指會議的）代表
317,delinquent,adjective,不良的/違法的/遲付欠款的/拖欠的
318,delinquent,noun,（通常指年輕的）違法者/不良青少年
319,delusion,noun,幻想；錯覺
320,deluxe,adjective,豪華的/高檔的
321,delve into sth,phrasal verb,深入探索/探究
322,dementia,noun,（尤指老年性）癡呆
323,demerit,noun,缺陷；劣勢/（尤指學校給學生的）記過/過失分
324,demolish,verb,（尤指為利用土地而）拆除/拆毀/顛覆（理論）/輕取/狼吞虎嚥地吃/拆毀
325,demote,verb,使降職/使降級
326,deputy,noun,代理人；副職/副手
327,descendant,noun,子孫/後代
328,despair,noun,絕望/成為…的心病/使…頭痛
329,despair,verb,絕望/失去希望
330,despise,verb,鄙視/蔑視/厭惡
331,detain,verb,使留下/拘留/扣押/（短時間地）耽擱/無限期關押（某人）
332,deter,verb,阻撓/阻止；威懾；使不敢
333,detergent,noun,洗衣粉/洗衣液/清潔劑
334,deterrent,noun,威懾力量；遏制因素；制止物
335,detrimental,adjective,有危害的/有損害的
336,devalue,verb,（使）貶值/貶低；輕視
337,devastated,adjective,被徹底摧毀的；毀滅的/極度震驚的；極為煩亂的
338,deviation,noun,偏差
339,devoid,adjective,缺乏/缺少
340,devour,verb,狼吞虎嚥/吞噬/毀滅/如饑似渴地閱讀 
341,dialog box,noun,（電腦螢幕上的）對話方塊
342,diarrhoea,noun,腹瀉
343,diminish,verb,減少/減小/降低
344,dimple,noun,（尤指人面部的）酒窩/淺凹
345,dire,adjective,嚴重的；危急的；極端的/很壞的
346,discharge,noun,獲官方允許離開（軍隊、監獄或醫院）/（尤指廢液或廢氣的）排放/液體分泌物/履行（責任）/清償（債務）/開槍
347,discharge,verb,允許…離開/（根據法庭決議）釋放/排放/履行（職責、義務）/清償債務/開（槍）
348,discreet,adjective,審慎的/謹慎的/小心的
349,disembark,verb,（旅途結束後）下（車、船、飛機等）
350,disgrace,noun,恥辱/不光彩的行為/非常糟糕/太不像話
351,disgrace,verb,使丟臉/使蒙羞/使沒面子
352,disparate,adjective,截然不同的/迥然相異的
353,dispense,verb,分發/提供/配（藥）
354,disperse,verb,（使）擴散/（使）散開/（使）分散
355,disposition,noun,性格/性情/傾向/意向
356,disruptive,adjective,引起混亂的/顛覆性的
357,dissemble,verb,掩蓋/掩飾（動機、感情、真相等）
358,dissenting,adjective,（尤指對官方建議或方案、法律裁決、流行觀點）持有強烈異議的
359,dissident,noun,批評政府者
360,ditch,noun,（尤指路邊或田邊用來供水、排水或劃分土地的）溝渠/壕溝
361,ditch,verb,拋棄/遺棄/丟棄/（使飛機）在水上迫降
362,diverge,verb,（道路）分叉；出現差異；發生分歧
363,divert,verb,使改變方向/改變…的用途/分散/轉移（注意力）/使開心
364,docile,adjective,溫和的/溫順的/馴服的/易控制的
365,domesticated,adjective,（動物）馴化的；（植物）人工培養的/能做家務的/願做家務的
366,doom,noun,死亡/毀滅/厄運
367,doom,verb,使註定/使必然發生
368,dormant,adjective,蟄伏的/休眠的/潛伏
369,dormitory,noun,（寄宿學校的）宿舍/（學院或大學的）學生宿舍樓
370,down-to-earth,adjective,實際的/務實的
371,draw sth up,phrasal verb,起草/草擬
372,drawback,noun,缺點/弱點；不利因素
373,drop out,phrasal verb,停止/退出/中斷/輟學
374,dub,noun,配上特效的雷鬼音樂/配有雷鬼音樂和音響效果的詩歌
375,dub,verb,稱…爲/將…冠以/（尤指用另一種語言）為（影視節目）配音
376,duel,noun,決鬥/（激烈的）競爭/鬥爭/決鬥
377,dull,adjective,枯燥的/模糊的/暗淡的/（疼痛）隱約的/不聰明的
378,dull,verb,緩和/緩解；減輕
379,dwarf,adjective,極小的/矮小的
380,dwarf,noun,（兒童故事裡有魔法的）小矮人/矮子/侏儒
381,dwarf,verb,使…相形見絀；使…顯得矮小
382,dwindle,verb,減小；降低；減少
383,dwindling,adjective,縮減的|逐漸減少的
384,dynamic,adjective,思維活躍的/充滿活力的/不斷變化的/力的/動力的
385,eat into sth,phrasal verb,消耗/耗費（金錢或時間）
386,ebb,noun,落潮/退潮
387,ebb,verb,落潮/退潮/衰退；逐漸減少；衰竭
388,eccentric,adjective,怪異的/古怪的；異乎尋常的/不正圓的
389,eccentric,noun,行為古怪的人
390,echo,noun,回聲/如出一轍的事物/仿效
391,echo,verb,回響/發出回聲/重複/使産生似曾相識的感覺
392,eclipse,noun,日蝕；月蝕/黯然失色
393,eclipse,verb,遮掩（天體的）光/掩沒…的重要性（或優點、聲譽等）；淩駕…之上；光芒蓋過…
394,ecstasy,noun,狂喜/欣喜若狂/搖頭丸
395,edge,noun,邊緣/刃/鋒利的邊緣/（變故的）邊緣/（不愉快的事情）使…發狂/優勢；優越之處/尖刻的聲調/如坐針氈的/煩躁的
396,edge,verb,（使）徐徐移動/（使）緩慢發展
397,electrifying,adjective,令人激動的/令人興奮的
398,eligible,adjective,具備條件的；有資格的；合格的/（作爲結婚對象）理想的/合適的
399,eloquent,adjective,雄辯的/有說服力的
400,embankment,noun,堤/堤岸/堤圍/（路）堤
401,embark on/upon sth,phrasal verb,開始/著手做（新的或重要的事情）
402,embed,verb,把…牢牢嵌入（或插入、埋入）
403,embody,verb,具體表現；體現/包含；收錄
404,embryo,noun,胚/胚胎/在胚胎階段/在萌芽階段；尚未成熟
405,enact,verb,實施/（尤指）制定（法律）/上演
406,encapsulate,verb,扼要表述/壓縮/概括
407,encompass,verb,包括（尤指很多不同事物）
408,endeavour,noun,嘗試；努力
409,endeavour,verb,努力；奮力
410,endorse,verb,（公開）贊同/支持/吹捧/背書/記錄違規事項
411,engulf,verb,包圍/吞沒/淹沒
412,ensnare,verb,誘捕/使入圈套/使無法脫身
413,entangle,verb,（用網、繩等）纏住/套住/與…發生糾葛
414,entanglement,noun,糾纏；糾葛；牽連/（阻擋敵人前進的）鐵絲網圍欄
415,enterprise,noun,組織/企業/事業/事業心；進取心；創業精神；冒險精神
416,enthronement,noun,君主登基典禮/使某人登基/使某人加冕/使人位居高位
417,entitle,verb,給予權利/使符合資格/給…命名/給…題名
418,entrancing,adjective,令人欣喜的/迷人的
419,entrepreneurship,noun,創業能力/創業精神
420,envision,verb,設想/期望
421,enzyme,noun,酶
422,ephemeral,adjective,短暫的/極短的/轉瞬即逝的
423,epoch,noun,（尤指出現新進步和大變革的）時代/紀元/時期
424,errand,noun,（短程）差事/跑腿
425,escalate,verb,（使）增強；（使）擴大；（使）加劇；（使）惡化
426,escort,noun,（通常指異性的）社交聚會陪伴者/受僱陪同某人外出社交的人（常指年輕女子）/陪侍者/護送者/陪護/護送
427,escort,verb,護送/陪伴/陪同/陪伴（尤指異性）參加社交活動
428,espouse,verb,投身（活動）/支持/擁護（觀點）
429,etch,verb,（尤指在金屬或玻璃上）蝕刻/鑿出
430,ethnic,adjective,種族的/異族的/具有民族特色的/異國風味的
431,ethnic,noun,少數民族的一員
432,ethnicity,noun,種族特點/種族淵源
433,ethos,noun,（個人或團體的）精神特質/價值觀/信條
434,etiquette,noun,禮儀/禮節/規範/規矩
435,euthanize,verb,（對動物實施）安樂死
436,evacuate,verb,（把人從危險的地方）撤離/撤出/疏散/轉移
437,exacerbate,verb,使惡化；使加重；使加劇
438,excavate,verb,發掘/挖出/（尤指用機器）開鑿/挖空
439,exclusion,noun,排斥；排除在外/（因為努力做某事而）心無旁騖/無暇顧及（別的事情）
440,exemplify,verb,作為…的典範（或範例、典型、榜樣等）；舉例說明
441,exempt,adjective,被免除（義務或付款）的/被豁免的
442,exempt,verb,免除/豁免（責任、付款等）
443,exert,verb,運用/行使（權威、權力等）/施加（影響等）/用力；盡力；努力
444,exertion,noun,盡力/努力/費力/運用/行使（權威、權力等）/施加（影響等）
445,expel,verb,驅逐/除名/開除/排出
446,expend,verb,花費/消費/耗費（尤指時間、精力或錢）
447,explicitly,adverb,明確地/明白地
448,exploit,noun,不尋常的行為；英勇的行為；奇遇
449,exploit,verb,開發/發揮/（出於私利）利用/剝削
450,expulsion,noun,驅逐/開除/排出
451,exquisite,adjective,精緻的/優雅的/（感覺）劇烈的/卓越的
452,faculty,noun,官能/機能/才能/（高等院校的）系/（高等院校中院系的）全體教師
453,fad,noun,一時的風尚/短暫的狂熱
454,faint,adjective,微弱的；不清晰的；微小的/根本不知道/虛弱無力/感到暈眩
455,faint,noun,昏厥/暈倒
456,faint,verb,昏厥/暈倒
457,fallacy,noun,謬見/謬論/謬誤
458,falsehood,noun,說謊/謊言/謬誤
459,falter,verb,衰弱/動搖/猶豫/蹣跚
460,faulty,adjective,有缺陷的/不完美的
461,feasible,adjective,可行的/行得通的/做得到的
462,feat,noun,技藝；功績；業績；英勇事蹟
463,feces,noun,（faeces的美式拼寫）
464,feeble,adjective,虛弱的；衰弱的/無力的/無效的；不佳的
465,fell,adjective,邪惡的/殘暴的/和丘陵（或小山）有關的
466,fell,noun,（尤指英格蘭西北部的）山崗/高地
467,fell,verb,（fall 的過去式）/砍伐/砍倒（樹木）/（尤指體育運動中）擊倒（某人）
468,feral,adjective,野生的（尤指原為家養的動物）
469,ferment,noun,紛擾/騷動/動亂
470,ferment,verb,（使）發酵
471,feudal,adjective,封建（制度）的
472,figment,noun,憑空想像的事物/臆造的東西
473,figurine,noun,（陶瓷）小雕像/小塑像
474,filth,noun,汙物/汙穢/淫穢/猥褻
475,filtration,noun,過濾；濾除
476,finance,noun,資金/財務管理/財政/金融/（個人或公司的）財源
477,finance,verb,向…提供資金
478,fire sb up,phrasal verb,使…激動；令…發怒
479,flake,noun,小薄片/健忘的人/離譜的的人/古怪的人
480,flake,verb,（成片地）剝落/脫落
481,flatter,verb,奉承/自命不凡/掩人耳目/感到榮幸/使…顯得更吸引人
482,flick,noun,輕打/輕擊/快速瀏覽/電影
483,flick,verb,（迅速）輕擊/輕彈/輕拍/輕拂
484,fluctuate,verb,（尤指持續）波動/起伏不定
485,flunk,verb,未通過（考試）/（課程）不及格
486,flush,adjective,（與另一平面）齊平的/有錢的/富有的
487,flush,noun,（因尷尬、發熱等原因）臉紅/皮膚發紅/一陣憤怒／激動／高興/馬桶的沖水把手（或按鈕）/同花的一手牌
488,flush,verb,發紅；臉紅/沖洗（抽水馬桶）/從馬桶沖走
489,foodie,noun,美食家
490,footage,noun,（尤指表現一個事件的）一段影片/片段
491,formidable,adjective,可怕的；令人敬畏的；難對付的
492,formulate,verb,制訂/構想
493,foul,adjective,極其令人不快的；惡劣的/（言語或語言）髒話連篇的/粗魯的/下流的
494,foul,noun,犯規/（棒球比賽中的）界外
495,foul,verb,犯規/（棒球比賽中的）界外擊球/弄髒/污染
496,fracture,noun,（硬物的）斷裂/骨折
497,fracture,verb,（使）（骨頭等硬物）破裂/（使）斷裂/（使）折斷/（使）（組織或社團）分裂/（使）解體
498,fray,noun,（常指亂糟糟的）幹勁十足的努力/充滿活力的活動/激戰/激烈爭吵
499,fray,verb,（使）（布料或繩子）磨損/（使）磨散/（漸漸地）煩躁/惱火
500,frenzied,adjective,瘋狂的/狂熱的/狂暴的
501,frenzy,noun,瘋狂/狂熱/狂暴
502,fret,noun,（吉他等絃樂器指板上定音的）品
503,fret,verb,煩躁不安/苦惱/發愁
504,frigid,adjective,（女人）性冷感的/冷淡的/極正式的/嚴寒的
505,frontier,noun,國境/邊境/（十九世紀時定居者開始搬入並居住的美國西部）前沿地帶
506,fruitful,adjective,有成果的；有成效的/（人）子女眾多的
507,fulfilling,adjective,令人愉快滿足的
508,fuse,noun,保險絲/導火索/導火線引信/信管
509,fuse,verb,熔合；結合/（使）熔化/（使）（因保險絲熔斷而）停止工作
510,fuss,noun,緊張不安；大驚小怪；過分激動/對（某人）關懷備至/（對小事的）焦慮
511,fuss,verb,（爲小事）過於煩惱/過度焦慮/過於關注（細節）
512,futile,adjective,（行動）無作用的；無效的；不成功的
513,gadget,noun,小器具/小裝置/小玩意兒
514,gale,noun,大風
515,garment,noun,（一件）衣服
516,gauge,noun,測量儀器/判斷方法
517,gauge,suffix,…口徑的/…內膛的
518,gauge,verb,（尤指用測量儀器）測量/判定/判斷（通常指人的感受）
519,gear (sb/sth) up,phrasal verb,使（…）準備好
520,gem,noun,（尤指切割成規則形狀的）寶石/難能可貴的人（或物）/被人喜愛的人（或物）/非常有用的人（或物）
521,generalize,verb,概括/歸納
522,get around,phrasal verb,各處旅行/廣泛遊歷/（尤指老年人或病人）能四處走動/活動
523,get over sth/sb,phrasal verb,從（疾病或令人不快的事）中恢復過來
524,glare,noun,（長久的）怒視/瞪眼/刺眼的光
525,glare,verb,發出刺眼的光/怒視/瞪眼
526,gleam,noun,閃爍/閃亮/閃現
527,gleam,verb,發微光/閃爍/閃現/（眼睛）閃爍
528,glimmer,noun,閃爍的微光/微弱的亮光/微弱的（好）跡象；一絲/一線
529,glimmer,verb,發出微弱的光/隱約閃爍
530,glisten,verb,（因潮濕、油亮或光滑的表面反光而）閃光/閃耀/閃亮
531,glitch,noun,小毛病；小差錯；小故障/短時脈衝波形干擾（突發性的電力增強/尤指導致電子系統發生故障的電力增強）
532,gloomy,adjective,憂鬱/悲觀的/幽暗的
533,gluten,noun,穀蛋白黏膠質
534,go about sth,phrasal verb,著手做；開始做
535,go by the book/do sth by the book,idiom,嚴格按照規矩辦事
536,go through the roof,idiom,飛漲/激增/火冒三丈/暴跳如雷
537,gracious,adjective,和藹的/有禮貌的/富足安逸的；華美的
538,gracious,exclamation,（表示驚訝或用於強調語氣）天哪
539,grant,noun,（尤指政府為特殊目的給予個人或組織的）撥款/補助金
540,grant,verb,（通常指官方）同意/授予/（常指在表達相反的意見之前表示讓步）承認/同意/認為…是理所當然的/因為
541,grapple with sb,phrasal verb,與（某人）扭打
542,grave,adjective,嚴重的/重大的/嚴峻的
543,grave,noun,墳墓/墓穴/埋葬處
544,graze,noun,擦傷
545,graze,verb,擦傷/擦過/放牧/經常吃零食而不吃正餐
546,grim,adjective,令人擔憂的/令人沮喪的/憂愁的/嚴肅的/令人不快的/討厭的；醜陋的
547,groom,noun,（同 bridegroom）/馬夫
548,groom,verb,擦洗/培養/培訓/使做好準備/（尤指透過網際網路）勾引/誘騙/誘姦（兒童）
549,groove,noun,溝/槽/（身體表面的）溝
550,groundwork,noun,基礎工作/準備工作
551,growth,noun,成長；生長；發育/腫瘤/生長物/產物
552,gruelling,adjective,使人精疲力盡的；艱辛的；讓人受不了的
553,grumble,noun,（同 complaint）
554,grumble,verb,發牢騷/嘟囔/（通常因為餓而）肚子咕咕叫/牢騷滿腹的人
555,guru,noun,古魯（印度教或錫克教的宗教導師或領袖）/（精通某一領域並給出專業建議的）專家/權威/大師
556,hail,noun,雹/冰雹/（同時拋向某人的）一陣
557,hail,verb,招呼/呼喊/下冰雹
558,hallucination,noun,幻覺
559,handful,noun,一把（之量）/少數/難對付的人（常指小孩）
560,handicapped,adjective,（身體或精神）殘障的
561,handicapped,noun,（總稱）殘障人士
562,harness,noun,輓具/繫帶
563,harness,verb,給（馬）上輓具/控制；利用…的動力
564,haven,noun,安全的地方/和平之地
565,heartening,adjective,令人振奮的
566,hearty,adjective,熱情的；精力充沛的/（尤指食物）大量的/豐盛的/強烈的
567,hectic,adjective,繁忙的/忙碌的
568,hefty,adjective,（數額、尺寸、力量等）大的/可觀的
569,heir,noun,繼承人/（負責繼續處理某一問題或局面的）繼承者/（接替某重要位置的）接班人/繼任者
570,hemp,noun,麻類植物（其中有些可以用來製繩或粗布/有些可以用來提取毒品大麻）
571,hermit,noun,隱士/（尤指）隱居修道者
572,hibernate,verb,（動物）冬眠
573,hierarchy,noun,等級制度/統治集團
574,hinder,verb,阻礙/妨礙
575,hitchhiker,noun,免費搭車旅行的人/搭便車的人
576,hoarse,adjective,（嗓音）嘶啞的
577,hoax,noun,惡作劇/騙局
578,hoax,verb,欺騙/對…搞惡作劇
579,hold sb to sth,phrasal verb,使（某人）遵守（諾言或協議）
580,hone,verb,使…變鋒利；把…磨尖/磨練/磨礪；訓練
581,hostile,adjective,敵對的/不同意的/艱苦的/惡劣的/敵意（收購/併購）
582,hub,noun,中心；樞紐/輪轂/輪軸
583,hulking,adjective,大而重的/大而壯的
584,humility,noun,謙遜/謙恭
585,hurdle,noun,（跨欄比賽中的）欄架/跨欄比賽/障礙/難題
586,hurdle,verb,參加跨欄比賽/跨過
587,hurl,verb,（通常指憤怒或用力地）拋/扔/大聲辱罵（某人）
588,hybrid,noun,（動物或植物的）雜交種/混合種/（兩種完全不同的東西的）混合/用汽油以及其他形式的能源（通常為電力）一同發動的車輛
589,hypnotize,verb,對…施催眠術/著迷於/沉醉於
590,hypocritical,adjective,虛偽的/偽善的
591,ideology,noun,（尤指作為政治體制、政黨或政治組織基礎的）思想（體系）/意識形態
592,illuminate,verb,為…照明/照亮/闡明/解釋
593,illusion,noun,幻覺/幻想/假像/錯覺
594,illusory,adjective,虛假的/幻覺的/不實際的
595,immense,adjective,巨大的/無限的/非常好/極好
596,imminent,adjective,臨近的/即將發生的
597,impair,verb,損害/削弱
598,impassioned,adjective,（講話或文章）充滿激情的/熱烈的
599,impede,verb,妨礙/阻礙；阻止
600,impend,verb,即將發生/逼近
601,imperative,adjective,極重要的；緊急的；迫切的/祈使語氣
602,imperative,noun,祈使語氣動詞/極重要；緊急；迫切
603,implement,noun,工具/器具
604,implement,verb,實施/貫徹
605,implicitly,adverb,不明言地/含蓄地/絕對地/無疑地
606,imposing,adjective,壯觀的/宏偉的/氣宇不凡的
607,impostor,noun,冒名頂替者
608,impoverished,adjective,赤貧的/（品質）惡化的
609,imprint,noun,（印在書籍上的）出版商名稱/壓痕/痕跡/深刻印象/持久影響
610,imprint,verb,印/壓印/銘刻/使銘記
611,impulse,noun,衝動/突然的強烈欲望/心血來潮/脈衝/動機；動力；刺激
612,in the light of sth,idiom,因為/鑒於
613,in the long run,idiom,從長遠看/終究
614,inanimate,adjective,無生命的
615,inaugural,adjective,就職的/就任的（演講）/首次的/初始的
616,incarceration,noun,監禁/囚禁/與外界隔絕|禁錮|禁閉
617,incense,noun,（尤指在宗教儀式上焚燒的）香
618,incense,verb,激怒/使大怒/大怒的/被激怒的
619,inception,noun,創立
620,incidentally,adverb,附帶地/伴隨地/順便說一句
621,incinerator,noun,（廢棄物的）焚化爐
622,incite,verb,鼓動/煽動
623,incline,noun,斜坡；斜面
624,incline,verb,（使）傾向於/（使）傾斜/點頭
625,inconceivable,adjective,不能想像的/不可思議的/極不可能的
626,indentation,noun,物體表面的洞（或記號）/（書寫時的）縮排/行首空格/使用行首空格
627,indignant,adjective,憤怒的/憤慨的
628,indignation,noun,（由錯誤或不公正的事激起的）憤怒/憤慨
629,indulgence,noun,沉溺/放縱/允許/遷就/縱容
630,infancy,noun,嬰兒期/幼年/在初期/在早期
631,infiltrate,verb,（使）潛入；（使）滲透/滲透（進入某物質、地方、系統或機構）
632,inflammation,noun,炎（症）
633,inflict,verb,使遭受/使承受
634,informative,adjective,提供資訊的；增長見聞的
635,informed,adjective,見多識廣的/了解情況的
636,ingenious,adjective,（人）靈巧的/（物品等）製作精巧的/（方法等）巧妙的
637,ingenuity,noun,心靈手巧/足智多謀/獨創力
638,ingest,verb,攝取/嚥下（食物）
639,ingrain,verb,使…深深印在腦中/使根深蒂固
640,inhale,verb,吸氣/吸入/狼吞虎嚥
641,inherent,adjective,內在的；固有的/生來就有的
642,inherently,adverb,內在地/固有地/本質上地
643,inhospitable,adjective,不好客的/不殷勤待客的/（地區）難以居住的/條件惡劣的
644,innate,adjective,天生的/固有的
645,inquire,verb,詢問/打聽
646,inquiry,noun,詢問/打聽/調查/查究
647,inquisitive,adjective,好問的/愛鑽研的/好打聽的
648,inscribe,verb,題寫/刻/雕
649,installment plan,noun,分期付款
650,instil,verb,逐漸灌輸
651,intangible,adjective,（感覺或性質）難以捉摸的/無法形容的/難以確定的
652,integral,adjective,構成整體所必需的/內置的
653,integrate,verb,（使）融入（某社會或群體）；（使）成為一體/使合併/使成為一體
654,integrity,noun,正直/誠實/（某人的）藝德／職業操守（等等）/完整
655,intense,adjective,強烈的/極度的/認真的/熱切的/有強烈情感的/尖銳的
656,intensive,adjective,密集的/集中的/加強的/深入的
657,intently,adverb,專心致志地/專注地
658,intercept,verb,攔截/截住
659,intermingle,verb,混在一起
660,intersection,noun,（兩條線的）相交；交點/交叉路口；十字路口
661,intertwine,verb,（使）纏結/（使）纏繞在一起/（使）緊密關聯
662,intervene,verb,干涉/干預；調停/發生於其間
663,intimidate,verb,恫嚇/恐嚇
664,intimidating,adjective,令人緊張的/嚇人的
665,intricate,adjective,錯綜複雜的；複雜精細的；難理解的；難解決的
666,intrigue,noun,陰謀
667,intrigue,verb,（尤指因奇怪、不尋常或神秘而）使很感興趣
668,intriguing,adjective,非常有趣的/引人入勝的/神秘的
669,intrinsic,adjective,固有的/本質的/根本的
670,introspection,noun,自省/反省
671,intruder,noun,不受歡迎者/不速之客/闖入者/侵入者
672,iron sth out,phrasal verb,消除/解決
673,irrigation,noun,灌溉
674,irritability,noun,暴脾氣
675,irritable,adjective,易怒的/暴躁的
676,itinerary,noun,旅行計劃/預定行程
677,jarring,adjective,令人感到不快的；刺激（神經等）的/不和諧的/不合適的/劇烈搖晃的；劇烈移動的
678,jester,noun,（舊時的）逗樂小丑/弄臣
679,jolt,noun,震動/顛簸/震驚
680,jolt,verb,（使）震動/（使）猛然搖動/使震驚/使（某人）受到震驚（而採取行動）；使（某人）從…中覺醒
681,jot sth down,phrasal verb,匆匆記下/草草記下
682,judicial,adjective,司法的/審判（上）的
683,juvenile,adjective,青少年的/不成熟的
684,juvenile,noun,少年
685,keen,adjective,熱衷的；熱心的；渴望的/強烈的/敏銳的；敏捷的/尖利的；寒風刺骨的
686,keen,verb,（尤指因某人死去而）慟哭/熱衷；渴望
687,kin,noun,親屬/直系親屬/最近的親屬
688,kindle,verb,燃點/激起（熱情等）/使產生想法
689,knead,verb,揉/捏（尤指麵團）
690,knowing,adjective,會意的/心照不宣的
691,laden,adjective,負重的；裝滿的/載滿的
692,lame,adjective,（尤指動物）瘸的/一瘸一拐的/（尤指藉口或論據）站不住腳的/無說服力的
693,lame,noun,金銀錦緞
694,lavender,adjective,淡紫色（的）
695,lavender,noun,薰衣草/淡紫色
696,lay sth out,phrasal verb,排列/擺放/（大把）花（錢）/（通常用書寫的方式）向…清楚地解釋
697,leap,noun,巨變；激增；提高/跳躍/突然的動作
698,leap,verb,跳躍/快速提供（幫助、保護等）/一舉獲得（常指名望或權勢）/激增；猛漲；快速提高
699,lethal,adjective,致命的/極其危險的
700,level-headed,adjective,鎮定的/冷靜的/沈穩的
701,leverage,noun,槓杆作用/影響力
702,leverage,verb,借助已有的…實現新（或更好）的目標/借貸收購/以錢生錢
703,liberally,adverb,寬松地|大量地/不確切地/籠統地/開明地/公允地/自由地/開放地
704,light-fingered,adjective,有偷竊習慣的/喜歡順手牽羊的
705,limp,adjective,軟的/柔軟的；輕柔的
706,limp,noun,（因為腿腳受傷或疼痛）艱難緩慢的行走
707,limp,verb,瘸著腳走/跛行/步履維艱；緩慢發展
708,linger,verb,停留/逗留/徘徊
709,literal,adjective,（意義）字面的/根本的/逐字（翻譯）的
710,literally,adverb,確實地；名副其實地/逐字（翻譯）地/（用於強調）確實/真正地/只是/就
711,literary,adjective,文學的/與文學相關的
712,literate,adjective,識字的/會讀寫的/掌握（某個領域或某方面）知識的/通曉…的
713,lobby,noun,遊說團體/大堂
714,lobby,verb,遊說/試圖說服（政客、政府或官方團體）
715,locale,noun,（尤指書籍或電影中的）故事發生地/場景
716,lodge,noun,（尤指度假者或體育活動者用的）鄉間小屋/小舍/簡陋小屋（同 wigwam）/地方分支機搆
717,lodge,verb,提出索賠／投訴／抗議（等等）/（使）固定/存放/保管/借宿
718,lodging,noun,寄宿的地方/借宿的地方/租住的房間
719,logistics,noun,後勤/後勤學
720,look over sth,phrasal verb,（快速）查看/檢查
721,loom,noun,織布機
722,loom,verb,（令人驚恐地）隱約顯現/赫然聳現/（不希望或不愉快的事情）陰森地逼近
723,loom large,idiom,顯得突出；變得嚴重
724,loot,noun,（尤指軍隊的）戰利品/掠奪品
725,loot,verb,（通常指在暴力事件中集體）搶劫/洗劫/（從某處或某人）偷竊
726,lounge,noun,（飯店、機場、劇院等的）休息廳/等候室/客廳/起居室
727,lousy,adjective,差勁的/（表示覺得被侮辱了）糟糕的/充斥著…
728,lucrative,adjective,（尤指生意、職位或活動）賺錢的/盈利的
729,lumber,noun,木材/木料
730,lumber,verb,緩慢笨拙地移動
731,lurk,verb,（尤指爲攻擊某人或做壞事而）潛伏/隱蔽/悄悄移動/潛藏/在（網上）聊天室裡潛水
732,macabre,adjective,（與死亡或暴力有關而）恐怖的/可怕的/令人毛骨悚然的
733,make off with sth,phrasal verb,偷走
734,make out,phrasal verb,（通常指成功地）處理/應付/親吻愛撫；性交
735,makeshift,adjective,權宜的/臨時代用的
736,mandatory,adjective,強制的/必須履行的/法定的
737,maneuver,noun,（manoeuvre的美式拼寫）
738,mania,noun,狂熱/癡迷/…狂/躁狂症
739,mania,suffix,狂熱
740,mantra,noun,（尤指印度教和佛教中的）曼特羅/曼怛羅/咒語/口號
741,marginal,adjective,微小的；少量的/只有少數人感興趣的/（選舉中僅以微弱多數取勝的）邊緣選區（或席位）
742,marginal,noun,（議會的）邊緣席位/邊緣政治領域
743,maternity,adjective,懷孕的/產婦的
744,maternity,noun,母親身分
745,meadow,noun,（常指有野花的）草地/牧場
746,meander,noun,曲流/河曲/漫遊
747,meander,verb,（河流、道路等）蜿蜒/漫步/（話題、過程或活動）無目的地進行
748,melancholy,adjective,憂鬱的/憂傷的
749,melancholy,noun,憂鬱/憂傷
750,menace,noun,危險的事物/威脅/討厭的人（尤指小孩）/勒索錢財
751,menace,verb,威脅/威嚇
752,mend your fences,idiom,冰釋前嫌/重修舊好
753,menial,adjective,（工作）乏味的/低賤的/不體面的
754,mesh,noun,（金屬絲、塑膠或線織成的）網/網狀物
755,mesh,verb,緊密配合；相互協調/嚙合
756,metabolism,noun,新陳代謝
757,meticulous,adjective,嚴謹的/一絲不苟的；非常注意細節的
758,mighty,adjective,強大的；巨大的；偉大的
759,mighty,adverb,很/極/非常
760,migratory,adjective,遷徙的（指候鳥或其他動物的季節性遷徙特征）/（動物、候鳥或人）移居的/遷居的
761,militant,adjective,激進的/行動積極的/好戰的/好鬥的
762,mince,noun,剁碎的（牛）肉/（牛）肉末
763,mince,verb,矯揉造作地邁著小步走/切碎/剁碎/絞碎
764,mingle,verb,（使）混合/（在社交場合）相交往
765,miscellaneous,adjective,混雜的；各種各樣的
766,missionary,noun,傳教士
767,mitigate,verb,使緩和；減輕（危害等）
768,mitigation,noun,減少/導致減刑或減罰的情節
769,moan,noun,呻吟聲/嗚咽聲/抱怨/牢騷
770,moan,verb,呻吟/嗚咽/抱怨/發牢騷
771,mocking,adjective,嘲笑的/嘲弄的
772,mold,noun,（mould的美式拼寫）
773,momentary,adjective,片刻的/瞬間的/短暫的
774,momentum,noun,動量/衝量/衝力/推動力
775,monetize,verb,轉化為貨幣/以貨幣方式表達/從…賺錢
776,monopoly,noun,壟斷（機構）/專賣/獨佔
777,monsoon,noun,（炎熱的亞洲國家的）季風季節/雨季
778,mortal,adjective,（尤指人）終有一死的/致死的/非常擔心/極度恐懼/死敵／致命的危險／嚴重的威脅
779,mortal,noun,凡人/普通人
780,mortgage,noun,（尤指購房的）按揭/抵押貸款
781,mortgage,verb,（房屋）做按揭貸款
782,mosque,noun,清真寺
783,motif,noun,式樣/中心思想/主題
784,mound,noun,土堆/小丘/一（垛）
785,mourn,verb,（尤指因某人的亡故而）哀悼/悲傷
786,murky,adjective,黑暗的；不清楚的；骯髒的/（形勢）複雜難懂的/不明朗的
787,nagging,adjective,抱怨的/指責的/令人心煩不已的/糾纏不休的
788,nagging,noun,抱怨/指責
789,nail sb down,phrasal verb,使（某人）準確說出細節/迫使（某人）作出決定
790,nasty,adjective,糟糕的；令人不快的/讓人討厭的/惡意的/危險的/狂暴的/粗魯的；冒犯的
791,nausea,noun,噁心/嘔吐感
792,negligible,adjective,微不足道的/可忽略的/不重要的
793,netizen,noun,網民
794,newfound,adjective,（素質或能力）新獲得的
795,niche,noun,（尤指本人合意的）適合的工作（或職位）/稱心的工作/合宜的小環境/（尤指用來放置塑像的）壁龕
796,nihilist,noun,虛無主義者
797,nihilistic,adjective,虛無主義的
798,nomadic,adjective,游牧的
799,nominally,adverb,名義上地/有名無實地
800,nostalgia,noun,懷舊
801,nudge,noun,輕推
802,nudge,verb,（尤指用肘部）輕推/輕觸/接近（更高點或水準）
803,nugget,noun,小塊/（尤指）金塊/（裹上麵包屑炸成的）雞塊/魚塊/至理名言
804,nuisance,noun,惱人的事物（或人）；麻煩的事物（或人）/造成麻煩/惹人討厭
805,nursery,adjective,幼兒教育的
806,nursery,noun,幼兒園/（尤指商業目的的）苗圃/育苗場
807,nurture,noun,教育/培養/（尤指）後天養育
808,nurture,verb,養育/培育（尤指幼兒或植物）/促進；扶助；培養/（長期）懷有
809,oath,noun,誓約/宣誓/（尤指提及神靈的）詛咒/咒罵
810,oblige,verb,責成；強迫/迫使/（尤指按別人要求的去做以）討好/幫助/為…效勞
811,oblivion,noun,被遺忘/湮沒/完全被毀滅；徹底被消滅/不省人事
812,obscure,adjective,無名的；鮮為人知的；默默無聞的/費解的/晦澀的/朦朧的
813,obscure,verb,遮掩；遮蔽；使不分明/掩蓋/使晦澀
814,obstinate,adjective,頑固的/固執的；倔強的/棘手的；難以清除的；難以克服的
815,obstruct,verb,阻塞/阻礙；阻止/阻撓；妨礙
816,omit,verb,疏忽/遺漏；刪節/排除
817,omnipresent,adjective,無所不在的/遍及各處的
818,on the ground,idiom,在公眾中/在普通百姓中
819,on the house,idiom,由商家免費提供的
820,on the side,idiom,兼職/秘密地/（餐館中的食物）裝在另一個盤子裡/作爲配菜
821,on the verge (of),idiom,接近於…；瀕於…
822,opium,noun,鴉片
823,orchestrate,verb,為管弦樂隊改編（或創作）/精心安排；用心策劃
824,ordain,verb,授予（某人）聖職/（上帝或權威人士）命令/下令
825,ordeal,noun,磨難；苦難；嚴峻考驗；煎熬
826,oriental,adjective,東亞的/東南亞的
827,orientation,noun,（某人的）特別喜好/價值取向/信仰觀念/興趣；取向；目標/（對新工作、新活動的）培訓/準備/安排；方向
828,orthogonal,adjective,直角的/正交的/垂直的
829,ostentatious,adjective,鋪張的/擺闊的/炫耀的/賣弄的/招搖的
830,outlandish,adjective,稀奇古怪的；不尋常的；難以接受的
831,outlaw,noun,（尤指舊時的）不法之徒/草寇
832,outlaw,verb,使成為非法/禁止/取締
833,outright,adjective,完全的/徹底的
834,outright,adverb,徹底/完全；立刻；當場
835,outsource,verb,外包/委外/（將…）委外辦理
836,ovation,noun,歡呼/熱烈鼓掌
837,overhear,verb,無意中聽到/偶然聽到
838,overpower,verb,（以力氣或權力）制服/壓倒/征服/（味道或感情）壓倒/使無法忍受
839,overpowering,adjective,強烈的；逼人的；令人無法忍受的
840,oversight,noun,失察/疏忽/疏漏/監督；監察；監管
841,overwhelm,verb,（用武力）制服/征服/（強烈的感情）充溢/使難以承受/使不知所措/（水）淹沒/漫過
842,overwhelming,adjective,難以抵擋的；無法抗拒的/巨大的/極大的
843,pacific,adjective,和平的/求和的/太平洋的
844,pacific,noun,太平洋
845,panel,noun,（選定的）專家小組/嵌板/鑲板/儀表板；操縱台
846,panel,verb,嵌板/鑲板
847,paramount,adjective,至上的/首要的
848,parasol,noun,（尤指舊時婦女用的）陽傘/高大環柄菇
849,parole,noun,有條件釋放/假釋
850,partake,verb,吃/喝/參與
851,pass sb/sth over,phrasal verb,忽略/對…不予考慮
852,patch,noun,（與周圍不同的）斑/小塊/工作地/補片/膏藥/眼罩/修補程式
853,patch,verb,接通/連接（電子設備或電話）/縫補；修補/解決電腦系統或程式的某個問題
854,patrol,noun,巡邏/巡邏隊/巡邏艇/巡邏機
855,patrol,verb,（尤指士兵或員警）巡邏/巡查
856,patron,noun,贊助者/老顧客
857,pauper,noun,窮人/貧民
858,pavilion,noun,看臺/大型體育館/（尤指用於公共活動或展覽的）臨時建築物（如大帳篷）
859,peasant,noun,（通常指舊時或貧窮國家的）農民/農夫/沒教養的人/粗人
860,pedal,adjective,踏板的/腳踏的
861,pedal,noun,踏板
862,pedal,verb,騎（腳踏車）
863,peddler,noun,（尤指舊時沿街叫賣的）小販/（思想的）散佈者/兜售者/毒品販子
864,peep,noun,講話/答覆/牢騷/一瞥
865,peep,verb,（通常指透過小孔）窺視/隱現
866,pension,noun,養老金/退休金/撫恤金
867,perch,noun,（鳥的）棲息處（尤指鳥籠裡的棲木）/（常指能很好地俯視低處的）高座/高處
868,perch,verb,坐在…（的邊緣）上/棲息於/停留於/（使）位於高處（或…的邊緣）
869,peril,noun,巨大的危險/危難/險境/甘冒風險做…
870,perilous,adjective,非常危險的
871,perish,verb,（尤指因意外或遇害）喪生/湮滅/老化
872,permeate,verb,滲透；瀰漫；遍佈；充滿
873,perpetuate,verb,使持續/使長存/使永恆
874,perplexing,adjective,令人迷惑的/難解的
875,persecution,noun,（因種族、宗教、政治理念）迫害/虐待/煩擾/糾纏
876,petty,adjective,瑣碎的；無足輕重的/過於注重瑣事的/小心眼的/心胸狹窄的
877,phase,noun,（發展或變化的）階段/時期/（月亮的）位相
878,phase,verb,逐步進行
879,phenomenal,adjective,傑出的
880,pick on sb,phrasal verb,找（某人）的漏洞/對（某人）刁難挑剔/找碴
881,pier,noun,長堤/橋墩
882,pierce,verb,刺穿/（光、聲音等）透入
883,pigment,noun,色素/顏料
884,pilgrimage,noun,朝聖/朝覲/朝聖之旅/參拜之行
885,pine,noun,松樹/松木
886,pine,verb,（尤指因深愛的人死去而）形容枯槁/憔悴
887,pinpoint,adjective,確切的/精確的
888,pinpoint,noun,極小的點
889,pinpoint,verb,準確指出/確定（位置或時間）/查明；準確描述
890,pious,adjective,（對宗教）虔誠的/假虔誠的/偽善的/不切實際的希望
891,pitfall,noun,隱患；陷阱
892,pivot,noun,樞軸；支點/關鍵人物；樞紐
893,pivot,verb,轉動/扭曲
894,pivotal,adjective,關鍵性的/核心的
895,plague,noun,瘟疫/（令人煩惱或可能造成破壞的）一大群
896,plague,verb,不斷困擾/折磨/使受煎熬/（尤指因不停提問而）使煩惱/打攪
897,plausible,adjective,貌似真實（或可信）的/花言巧語的/舌燦蓮花的
898,plea,noun,懇求/懇請/申訴
899,pledge,noun,誓言/諾言/保證
900,pledge,verb,發誓/保證
901,plight,noun,困境/窘境
902,plight,verb,答應結婚/訂婚/結婚
903,plummet,verb,暴跌/急遽下降
904,plump,adjective,豐滿的/飽滿的/發福的/豐滿的
905,plump,verb,使豐滿/使鼓起
906,plunge,noun,跳入；下跌；落下/暴跌/驟降
907,plunge,verb,（使）（某人或某物）驟然移動/驟然下降/（價值或程度）暴跌/驟降
908,poach,verb,燉/水煮（魚、荷包蛋等）/偷捕/盜獵/以不當手段獲取/竊用（想法等）/挖走（人員）
909,poise,noun,沉著/泰然自若；平衡
910,polish,adjective,波蘭人的/波蘭的/波蘭語的
911,polish,noun,磨光/擦亮/上光劑/精巧/優美/精緻/波蘭語
912,polish,verb,擦/擦亮/磨光
913,polymer,noun,聚合物/聚合體
914,populous,adjective,人口稠密的
915,porcelain,noun,瓷/瓷器
916,porridge,noun,燕麥粥/麥片粥/關押/監禁
917,posh,adjective,高檔的/一流的/（人或口音）上流社會的；談吐高雅的/（女人）選擇剖腹生產的
918,posh,adverb,舉止如上流社會地
919,potable,adjective,乾淨安全適宜飲用的
920,potency,noun,力量；影響力；效力/（男子的）性能力
921,poultry,noun,家禽/禽肉
922,practitioner,noun,執業者；從業人員
923,preach,verb,佈道/竭力勸說/告誡/（尤指道德）說教
924,precursor,noun,先驅/先鋒/先兆/前兆
925,predecessor,noun,前任/前輩/原有事物/前身
926,prefecture,noun,法國/義大利等國的行政區劃）縣/州/區
927,prejudice,noun,偏見/歧視/無損於
928,prejudice,verb,使有偏見/使產生歧視/損害
929,premise,noun,（作為先決條件的）假定/前提
930,premise,verb,假定…為先決條件/作為…的前提
931,premises,noun,（尤指公司或機構的）房屋連同地基/生產場所/經營廠址/廠區
932,preside,verb,主持（會議或儀式）
933,presumably,adverb,據推測/大概/可能
934,prevail,verb,佔優勢/占上風/流行/盛行
935,prevailing,adjective,盛行的/現有的/通行的/盛行風
936,prickly,adjective,多刺的；刺痛的；癢的/易動怒的/複雜的/棘手的
937,proactive,adjective,主動的/積極的
938,proceed,verb,繼續進行/繼續做/（做完某事後）接著做/（朝特定方向）前進
939,procrastinate,verb,拖延/耽擱
940,proficiency,noun,熟練/精通
941,profile,noun,人物簡介/（社交網站上的）個人資料/大眾的注意/（面部的）側面（像）
942,profound,adjective,強烈的；深沉的；極度的/造詣深的/思想深邃的
943,prohibitive,adjective,（費用）高得負擔不起的/（價格等）使人望之卻步的
944,proliferate,verb,激增
945,pronounced,adjective,明顯的；明確的
946,proofread,verb,校對
947,propaganda,noun,宣傳/鼓吹/宣傳；鼓吹
948,propel,verb,推進/推動/推動（某人）做…／將（某人）推向（某一境地）
949,proportional,adjective,與…成比例的
950,prosecutor,noun,檢察官/公訴人
951,prospective,adjective,潛在的客戶／可能成為僱主的人／即將為人父母者等
952,prostitution,noun,賣淫
953,protocol,noun,禮儀/公約/規程
954,prototype,noun,原型
955,protrude,verb,伸出/突出/鼓出
956,provocative,adjective,啟發性的/挑釁的/煽動的/（行為或衣服）挑逗性的
957,prowess,noun,高超的技能
958,proximity,noun,接近/鄰近/臨近
959,pseudonym,noun,筆名/假名
960,puberty,noun,青春期
961,publicity,noun,宣傳/推廣/關注
962,puffy,adjective,（眼睛）腫脹的/腫大的
963,punctual,adjective,準時的/守時的
964,put sb through,phrasal verb,為（某人）接通電話/轉接
965,put sth about/around,phrasal verb,到處散佈（謠言）/造謠
966,quarrel,noun,爭吵/不和
967,quarrel,verb,爭吵/不和
968,quarry,noun,採石場/獵取的目標/獵物/追捕的對象
969,quarry,verb,採石
970,queer,adjective,（尤指男子）同性戀的/怪異的/古怪的/異常的
971,queer,noun,同性戀者/（尤指）男同性戀者
972,queer,verb,（故意）破壞（某人的）機會
973,query,noun,疑問/問題
974,query,verb,提問/質問/懷疑
975,quintessential,adjective,最典型的；最本質的
976,quirky,adjective,古怪的/獨特的
977,quiver,noun,箭筒/箭囊/（常指因激動而）顫抖/發抖
978,quiver,verb,（常指因激動而）顫抖/發抖
979,rabble,noun,烏合之衆/暴民/下等人/賤民
980,radiate,verb,（使熱或光）輻射/發散/流露；顯示；煥發/呈輻射狀發出
981,radical,adjective,激進的/極端的/根本的；徹底的/完全的/（指移除所有患病組織）根本的
982,radical,noun,激進分子/極端分子
983,ragged,adjective,（衣服）破舊的/不整齊的/（人）邋遢的/（尤指邊緣）參差不齊的；粗糙的/不規則的/（表演）不協調的/沒有章法的/拙劣的
984,raid,noun,（通常由一小隊人發起的）突襲/襲擊/打劫/突然搜查
985,raid,verb,突襲/洗劫/（警方）突擊檢查/（通常指偷偷地）從…把東西拿走
986,ram,noun,公羊/攻城槌/撞擊裝置
987,ram,verb,猛撞/猛擊/塞進
988,rampant,adjective,（不好的事情）猖獗的/泛濫的/（紋章上所繪的動物）用後腿站立的/躍立的
989,range,noun,（一）批/（一）類/（一）系列/山脈/（數量、種類等變化的）範圍/幅度/區域/時間段/音域/射擊場/牧場；牧區/廚灶
990,range,verb,（數量、種類等變化的）範圍/幅度/區域/排列；（尤指）使排列成行/漫遊；閒逛；四處移動/（文章或演講）涉及/涵蓋
991,ravage,verb,嚴重破壞；損壞；毀壞
992,realm,noun,（興趣或活動的）界/領域/範圍/王國
993,reassure,verb,使安心/使打消疑慮/安慰
994,recede,verb,逐漸遠離；變得模糊/逐漸淡漠
995,reciprocal,adjective,相互的/互惠的/報答的
996,reciprocal,noun,（數學）倒數
997,reckon,verb,認為/以為/把…看作/計算
998,reclamation,noun,（對土地的）開墾/開拓/改造/（對廢品的）回收利用
999,reclusive,adjective,隱居的/避世的
1000,red-handed,adjective,當場抓住（某人）做非法勾當
1001,redundant,adjective,不需要的/累贅的/囉唆的/失業的/被裁減的
1002,referendum,noun,（就重大政治或社會問題進行的）全民公決/全民公投
1003,refined,adjective,精煉的/精製的/精細的/完善的/精妙的/有教養的/優雅的
1004,refrain,noun,（尤指不同的節之間的）副歌/疊歌/一再重複的話/老調
1005,refrain,verb,避免；忍住；節制
1006,refute,verb,駁斥/反駁/否認…的正確性（或真實性）
1007,regime,noun,政權/組織方法；管理體制；體系/生活規則/養生之道（同 regimen）
1008,rehab,noun,（吸毒或酗酒者的）康復治療/康復訓練
1009,reign,noun,當政/統治
1010,reign,verb,當政/統治/主宰；起支配作用；盛行
1011,rein,noun,（尤指皮質的）繮繩/（領幼兒走路時防止其走失的）安全繩套/保護帶
1012,rejuvenate,verb,使年輕/使恢復活力/使青春煥發/使（組織或體制）恢復活力
1013,relay,noun,接替的一組人/輪換的一隊人/（跑步或游泳的）接力賽/中繼設備
1014,relay,verb,傳達/轉發/播放/轉播
1015,relentless,adjective,持續嚴厲的/持續強烈的
1016,relish,noun,佐料/享受/樂趣
1017,relish,verb,享受/喜歡/期盼/指望
1018,remain,verb,停留/留下/保持不變/仍然是/剩餘
1019,remains,noun,剩餘物；殘留物；遺跡/遺址
1020,render,verb,使成為；使變得；使處於某種狀態/翻譯；把…譯成/給予/表達/粉刷/給（牆壁）抹灰（或水泥）
1021,repellent,adjective,令人厭惡的
1022,repellent,noun,驅蟲劑
1023,repent,verb,後悔/悔過/懺悔
1024,repress,verb,壓抑/（尤指用武力）鎮壓/制止
1025,repurpose,verb,重新利用/改變…的用途/為…找到新用途
1026,resent,verb,感到憤恨；不滿；憎惡
1027,reserved,adjective,拘謹/內向/預訂的（門票、座位等）
1028,residue,noun,剩餘部分；剩餘物；殘留物；殘渣/（扣除稅款、債款等後的）剩餘遺産
1029,resilient,adjective,有彈性的；能復原的；有復原力的；適應性強的
1030,resolute,adjective,堅決的；有決心的；堅定的
1031,resonate,verb,發出共鳴/迴盪/充滿/彌漫（某種特質）/使産生聯想
1032,resourceful,adjective,機敏的/足智多謀的
1033,respectable,adjective,體面的；得體的；值得尊敬的/（數量）足夠的；質量不錯的；相當好的
1034,respite,noun,暫停/暫時中止/暫時緩解/暫緩；短暫的延緩；喘息（時間）
1035,restless,adjective,坐立不安的/焦躁的
1036,restorative,noun,有恢復作用的事物/使恢復精力的事物/促進健康恢復的事物
1037,resume,noun,摘要/梗概/履歷
1038,resume,verb,（中斷後）繼續/重新開始/恢復/重返（某地或某位置）
1039,resurgence,noun,復甦/復興/再次興起
1040,resurgent,adjective,復興的/再次增長的/再度流行的
1041,resurrect,verb,使復活/重新使用/恢復/使重新流行
1042,retain,verb,保持/保留/保存/容納/付定金聘請（律師）
1043,retention,noun,保留/保持/維持
1044,retort,noun,（憤怒或風趣的）反駁/回嘴
1045,retort,verb,（憤怒或風趣地）反駁/回嘴
1046,retrospect,noun,回顧/回想
1047,reverberate,verb,回響/迴盪/震撼；産生廣泛影響
1048,riddled,adjective,布滿洞孔的
1049,ridge,noun,脊/壟/（尤指）山脊/屋脊
1050,righteous,adjective,正義的/公正的/正當的
1051,righteous,noun,正義的人/正直的人
1052,rigid,adjective,僵硬的；固定的；不能彎曲的/頑固的/不易改變的
1053,rigorous,adjective,嚴密的/縝密的；嚴謹的/嚴格的/嚴厲的
1054,rinse,noun,沖洗/涮洗/漂洗/染髮劑
1055,rinse,verb,（用清水）沖洗/涮洗/漂洗
1056,ripple,noun,漣漪/微波/細浪/（聲音的）傳播起伏；（感情的）逐漸擴散
1057,ripple,verb,（使）起漣漪/（使）如波浪般起伏
1058,robust,adjective,（人或動物）強壯的/茁壯的/（東西或系統）堅固的/耐用的/結實的
1059,roll around,phrasal verb,（時間或事件）開始
1060,rubble,noun,（房屋倒塌或被毀後留下的）瓦礫堆/碎磚爛瓦/碎石
1061,rugged,adjective,（土地）荒蕪崎嶇的；崎嶇難行的/堅固的；耐用的；結實的；簡單皮實的/相貌粗獷的/強壯英俊的
1062,sabotage,verb,（爲阻止敵人或對手成功而）毀壞/破壞（設備、武器或建築物）/暗中破壞/蓄意破壞（計劃或行動）
1063,sack,noun,大布袋/解僱/（通常指在戰爭中）洗劫/床/床上功夫（好或差）
1064,sack,verb,解僱/（通常指在戰爭中）洗劫/劫掠
1065,sake,noun,爲了（某人）的利益；爲了幫助（某人）/因爲/爲了/做做好事吧/看在上帝份上/日本清酒
1066,salute,noun,敬禮/致敬/致意
1067,salute,verb,（尤指軍人）敬禮/公開讚揚/讚頌
1068,sanctuary,noun,庇護/避難所/禁獵區/聖堂
1069,sanctum,noun,密室/私室/聖所
1070,sardonic,adjective,譏諷的/冷嘲的/輕蔑的
1071,savoury,adjective,鹹的/辛辣的/令人愉快的/名聲好的/受歡迎的
1072,scale,noun,刻度；等級/比例；比例尺/大小；規模；範圍/磅秤/音階/鱗片/（水管或容器內壁的）水垢
1073,scale,verb,爬越/攀登/刮除（牙石或牙斑）
1074,scale sth down,phrasal verb,縮減/縮小
1075,scalp,noun,頭皮/（在競爭或競選中）擊敗的人/手下敗將
1076,scalp,verb,賣黃牛票（戲票等）/（作爲戰利品）從敵人屍體上剝下頭皮/把（某人）的頭髮理得很短
1077,scorching,adjective,灼熱的（地）/極熱的（地）
1078,scramble,noun,（艱難的）爬/攀登/匆匆的行爲/搶奪/炒蛋
1079,scramble,verb,（急速而艱難地）移動/攀登/爭搶/打亂（單詞或字母使之不再有任何含義）/炒蛋/（使）（飛機）緊急起飛
1080,scrap,noun,廢料/廢品/碎片/少量（資訊）/廚餘/ 剩菜剩飯/（尤指瑣事引發的短暫而吵鬧的）打架/吵架
1081,scrap,verb,放棄/取消/銷毀/打架/吵架
1082,seamless,adjective,無縫的/順利的/連續的
1083,see the light,idiom,恍然大悟/頓悟
1084,seep,verb,滲出/滲漏
1085,segregate,verb,（尤指基於種族或性別原因）隔離並差別對待/分離；分開
1086,seize,verb,抓住/奪過/沒收/查獲/（強烈情感或劇痛）突然侵襲
1087,sentimental,adjective,多愁善感的；感情用事的/過於傷感的
1088,sequel,noun,（書、電影或戲劇的）續篇/續集/後果；結局
1089,serendipity,noun,（偶然發現有趣或珍貴之物的）機緣/幸運
1090,serene,adjective,平靜的/安詳的
1091,set about sb,phrasal verb,攻擊（某人）
1092,shabby,adjective,破爛的/不光彩的/不公正的/不能接受的
1093,shattered,adjective,破碎的/打碎的/極難過的/極度疲勞的
1094,sheer,adjective,完全的/陡峭的/（織物等）極薄的/透明的
1095,sheer,verb,突然轉向
1096,shepherd,noun,牧羊人
1097,shepherd,verb,帶領/引導/牧羊
1098,shire,noun,郡（現用於英國許多郡的郡名中）/英格蘭中部農業諸郡（如萊斯特郡、諾丁漢郡、德比郡）
1099,shove,noun,推/推擠
1100,shove,verb,推擠/亂放/挪動身體（以騰出地方）
1101,shred,noun,極少量/細條/碎片/嚴重受損的
1102,shred,verb,把…切（或撕）成細條；切碎；撕碎/粉碎銷毀（文件）
1103,shriek,noun,尖叫
1104,shriek,verb,尖叫
1105,shrug,noun,聳肩/（女式）短套領衫（一種女式短羊毛衫）
1106,shrug,verb,（表示不知道或不感興趣）聳（肩）
1107,shun,verb,避開/避免/躲避/迴避
1108,shut,adjective,關閉的/關上的
1109,shut,verb,（使）關閉/（使）停止運作/（使）停止營業
1110,simulate,verb,類比/模仿/假裝/僞裝
1111,sink without (a) trace,idiom,徹底被人遺忘/銷聲匿跡
1112,slacker,noun,偷懶的人
1113,sleuth,noun,偵探
1114,slip of the tongue,idiom,口誤
1115,slip sb's memory/mind,idiom,被（某人）忘記
1116,slot,noun,狹縫/（尤指）投幣口/狹槽/（爲某活動安排的）時段
1117,slot,verb,被（能）放於狹槽中
1118,slouch,noun,低頭垂肩地站（或坐、走）的姿勢；沒精打采地站（或坐、走）的姿勢
1119,slouch,verb,垂頭喪氣地站（或坐、走）；無精打埰地站（或坐、走）
1120,sludge,noun,爛泥/淤泥/糊
1121,slumber,noun,睡覺/睡眠
1122,slumber,verb,睡/睡覺
1123,slump,noun,（價格、價值、銷售額等的）猛跌/暴跌/蕭條（期）/衰落
1124,slump,verb,（價格、價值或銷售額）猛跌/突然下降/沈重地坐下（或倒下）
1125,slur,noun,詆毀/含糊的發音
1126,slur,verb,含糊地說/連唱/詆毀
1127,sly,adjective,狡猾的/狡詐的/詭秘的
1128,sly,noun,暗中/偷偷地
1129,smother,verb,悶死/扼殺/把（火）悶熄/溺愛
1130,snapshot,noun,照片/快照/簡介；簡要情況
1131,snobbish,adjective,勢利的；愛虛榮的/勢利地；愛虛榮地
1132,snort,noun,鼻息聲/噴鼻息/哼聲
1133,snort,verb,噴鼻息/用鼻子吸（毒）/氣哼哼地說
1134,so to speak,idiom,姑妄言之/可以說
1135,sober,adjective,清醒的/嚴肅的/冷靜的/（衣物）簡樸的/色彩暗淡的
1136,sober,verb,（使）變得冷靜/（使）變得嚴肅
1137,solemn,adjective,莊嚴的/嚴肅的/鄭重承諾
1138,solitary,adjective,獨自的/唯一的/獨自完成的
1139,soot,noun,煤煙/煤灰
1140,sorely,adverb,極其/非常
1141,sought after,adjective,（因品質高或稀有而）熱門的/廣受歡迎的
1142,sovereign,adjective,至高無上的/完全獨立的/靈丹妙藥
1143,sovereign,noun,君主/元首/最高統治者/金鎊（英國於1817-1914年之間使用的面值爲一英鎊的金幣）
1144,spacious,adjective,寬敞的
1145,spar,noun,（尤指船上用作桅杆的）圓材
1146,spar,verb,（作爲練習）輕拳出擊/爭論/爭吵
1147,spare,adjective,額外的/備用的；多餘的/空閒時間/瘦高的/簡樸的/未裝飾的/很惱火
1148,spare,noun,備用品/（汽車或其他設備的）備件/配件
1149,spare,verb,饒恕/不傷害/使避免/不遺餘力／不惜成本/竭盡全力/全力以赴/擠出/剩下/多餘
1150,speak out/up,phrasal verb,（尤指對有強烈共鳴的話題）公開發表意見/坦率說出
1151,spectacle,noun,不尋常的事；出人意料的情況/壯觀場面/壯觀景象/眼鏡
1152,spectrum,noun,光譜/波譜/（看法、感覺等的）範圍/各層次
1153,speculate,verb,猜測；推測/推斷/投機/做投機買賣
1154,sphere,noun,圓球/球狀物/領域/界
1155,spike,noun,尖刺；（尤指金屬的）尖狀物/釘鞋/（通常指在下跌前）非常高的數量/價格或程度
1156,spike,verb,拒絕刊登；棄置（文章）不用/使增添風味（或趣味）/用尖物刺入；刺穿/（通常指在下跌前）上升至非常高的數量（價格或程度）
1157,spinster,noun,老處女/老姑娘
1158,sponsorship,noun,贊助費/資助金/贊助/資助
1159,spontaneous,adjective,自發的/非籌劃安排的/非勉強的
1160,spore,noun,孢子
1161,sprawling,adjective,（尤指城市建築）雜亂無序的/散亂延伸的
1162,spread out,phrasal verb,（人）散開
1163,spring up,phrasal verb,突然出現；湧現
1164,squash,noun,擁擠/壁球/果汁飲料/南瓜
1165,squash,verb,把…壓扁；把…擠扁/（使）擠進/（把…）塞進/粉碎/強行制止
1166,stagger,noun,蹣跚/站立不穩
1167,stagger,verb,搖晃/蹣跚/使震驚/使交錯
1168,staggering,adjective,驚人的/令人震驚的
1169,stakeholder,noun,股東/（組織、社團等的）利害關係人/有權益關係者
1170,starch,noun,澱粉/（使布料筆挺的）澱粉漿
1171,starch,verb,上漿（用澱粉漿硬衣服）
1172,startle,verb,使大吃一驚；使受驚/使嚇一跳
1173,startling,adjective,驚人的；令人震驚的
1174,stature,noun,聲望/聲譽/高度；（尤指）身高
1175,steadfast,adjective,長期不變的；堅定的/不動搖的
1176,steep,adjective,陡峭的/（上升或下降）急劇的/大起大落的/（尤指價格）過高的
1177,steep,verb,（尤指為軟化、清潔或入味）浸/浸泡
1178,steer,noun,食用公牛/給予…建議/給予…有用資訊/給予…糟糕的建議
1179,steer,verb,駕駛（交通工具）；掌方向盤/（交通工具）行駛/沿（特定路線或方向）行進/引導
1180,step aside/down,phrasal verb,退位/下臺/（尤指）讓位
1181,stern,adjective,嚴厲的/苛刻的/（工作等）嚴峻的/棘手的
1182,stern,noun,船尾/艉
1183,stigmatize,verb,使背負惡名/侮辱
1184,stimulate,verb,激發/激勵；促進/刺激/使興奮/使感興趣/促進（身體某部位）的功能
1185,stockpile,noun,儲備物/囤積物
1186,stockpile,verb,（大量）儲備/貯存/囤積
1187,strained,adjective,（關係）緊張的/惡化的/緊張的/焦慮的/神色不安的
1188,strand,noun,（線、繩等的）縷/股/（完整故事、主題或情況的）部分/方面/岸
1189,strangle,verb,勒死/掐死/抑制/扼殺
1190,strapped,adjective,手頭緊的/缺錢的
1191,stratum,noun,部分；層；階層/層/岩層/地層
1192,streamline,verb,把…設計成流線型/使成流線型/（常透過簡化辦事程式）使（機構）效率更高；簡化
1193,strenuous,adjective,費力的/費勁的/繁重的/耗費精力的
1194,stretcher,noun,擔架
1195,strew,verb,撒/散佈/（在…上）布滿/撒滿
1196,stricture,noun,指責/非難/限制/束縛
1197,stride,noun,進展/進步/闊步/褲子
1198,stride,verb,大步快走/闊步行進
1199,strife,noun,衝突/糾紛/爭吵
1200,strip,noun,條/帶/細長片/（足球隊的）隊服/脫衣舞
1201,strip,verb,除去/撕掉（外皮或表層）/脫衣服/拆卸/拆開（機器、車輛或引擎 ）
1202,stuffy,adjective,（房間或建築物）悶的/古板的/一本正經的/堵塞的
1203,stumble,verb,絆倒/蹣跚而行/犯錯/支吾/不順暢地演奏
1204,stumble across/on/upon sth/sb,phrasal verb,偶然發現；撞見；邂逅
1205,sturdy,adjective,結實的/牢固的；強壯的/堅定的
1206,subdued,adjective,（色彩或光線）柔和的/暗淡的/（聲音）壓低的/小聲的/（人）悶悶不樂的/默不作聲的
1207,submerge,verb,（使）潛入水中/（使）沒入水中；浸沒/湮沒/湮滅；掩蓋
1208,submissive,adjective,順從的/溫順的/聽話的
1209,subordinate,adjective,從屬的/下級的/次要的
1210,subordinate,noun,下屬/下級/下義詞
1211,subordinate,verb,使從屬於/使處於次要地位
1212,subside,verb,（狀況）趨於平緩/平息/（建築物、地面或水面）下沉/沉降
1213,subsidy,noun,補助金/津貼
1214,succumb,verb,屈從/屈服；放棄抵抗；承認失敗/生病/受病痛折磨
1215,suffocating,adjective,悶熱的/憋氣的/束縛的/阻止發展的；遏制的
1216,sullen,adjective,慍怒的/悶悶不樂的/繃著臉的
1217,summon,verb,命令…到（某地）/傳喚/召喚/（尤指努力地）鼓起（勇氣）
1218,supplant,verb,取代/代替
1219,surplus,noun,剩餘（的）/多餘（的）；過剩（的）/資金餘額/資金盈餘
1220,surrogate,adjective,替代的/代理的
1221,surrogate,noun,替代/代理/代理人
1222,surveillance,noun,（尤指員警或軍隊的）監視/盯梢
1223,susceptible,adjective,易受影響的/易受感動的/感情豐富的/多情的
1224,suspend,verb,停止/中止/（因犯錯而）暫令停職；暫令停學；暫令停止參加活動/懸掛/漂浮
1225,suspense,noun,懸念/焦慮/擔心
1226,swarm,noun,（一起移動的）一大群（昆蟲）/（蜂湧的）一大群（人）
1227,swarm,verb,（昆蟲）群集/成群結隊地移動/（人）蜂湧/湧動
1228,sway,noun,控制/統治；影響
1229,sway,verb,搖擺/使移動/使動搖
1230,swerve,verb,突然改變方向/緊急轉彎/改變/背離
1231,synchronize,verb,（使）同步/（使）同時發生/使（多個鐘錶）顯示同一時間/統一校準（多個鐘錶）
1232,tailored,adjective,（衣服）腰身合體的/（衣服）量身定制的/特製的/特供的
1233,taint,verb,（通過添加有害物質而）污染（食品、血液等）；玷污/敗壞
1234,take sb out,phrasal verb,帶（某人）出去
1235,take sth up,phrasal verb,佔據（地方或時間）/開始（工作或活動）/上任/討論/處理/把（裙子、褲子等）改短
1236,talk sb into sth,phrasal verb,說服（某人）做…
1237,tame,adjective,（尤指動物）溫順的/馴化的/平淡的/乏味的
1238,tame,verb,馴化/控制/制服；駕馭
1239,tangle,noun,糾結的一團/糾結/混亂
1240,tangle,verb,使混亂/使起糾紛
1241,tangy,adjective,（味道）香濃的
1242,tariff,noun,關稅/關稅表
1243,tarnish,verb,（使）（尤指金屬）失去光澤/（使）褪色/誹謗
1244,tasteful,adjective,雅致的/趣味高雅的/有品味的
1245,tattered,adjective,（尤指布料或紙張）破爛的/破舊的
1246,tedious,adjective,單調乏味的
1247,teeny,adjective,很小的
1248,tempest,noun,大風暴/暴風雨/暴風雪
1249,tentative,adjective,（計劃、想法、建議、行動等）試驗（性）的/試探（性）的/暫時的/猶豫地；遲疑不決地
1250,terrace,noun,臺地/露天平臺/陽台/梯田
1251,terrace,verb,使…成梯田
1252,terrain,noun,地形/地勢/地帶
1253,terrific,adjective,極好的/（用於強調數量或程度）極大的/異乎尋常的
1254,testimony,noun,（尤指法庭上的）證詞/證言/清楚地證明
1255,the avant-garde,adjective,前衛的/先鋒派的
1256,the avant-garde,noun,先鋒派（畫家、作家、音樂家等）/先鋒派作品
1257,the forefront,noun,最顯要的位置；最重要的地位
1258,thorn,noun,（植物莖上的）刺/荊棘
1259,thorny,adjective,棘手的/麻煩的/多刺的/帶刺的
1260,thread,noun,線/（光、煙等）線狀物/線狀體/思路/貫穿的主線/（網際網路上的）帖子/螺紋/衣服
1261,thread,verb,穿線於/使穿過/（用長細線給面部）除毛
1262,threshold,noun,門檻/閾/界限/起點
1263,thrust,noun,要點/猛推/刺/驅動力
1264,thrust,verb,推擠/刺/戳/插入
1265,tilt,noun,傾斜/傾側
1266,tilt,verb,（使）傾斜
1267,timber,exclamation,（在被伐樹木倒下時喊的）倒啦
1268,timber,noun,樹木/（建築用）木材/（建房或船的）木料
1269,to my eye,idiom,我覺得/在我看來
1270,toddler,noun,（尤指處於學步期或剛學會走路的）幼童
1271,token,adjective,有標誌性的；有象徵意義的/裝點門面的；裝樣子的
1272,token,noun,標誌/表示/禮券/（某些機器中用以代替紙幣的）代幣
1273,topple,verb,（使）倒下/（使）倒塌/推翻（首領）/顛覆（政權）
1274,torrential,adjective,（雨）傾瀉似的/如注的
1275,traffic,noun,交通流量/運輸量/非法交易/（網路或網站的）流量
1276,traffic,verb,非法交易/販賣（人口）
1277,traitor,noun,背叛者/叛徒/賣國賊
1278,trajectory,noun,（射體在空中的）軌道/軌跡
1279,trance,noun,昏睡狀態/催眠狀態/迷幻音樂/睡房音樂（一種快節奏的電子舞曲）
1280,tranquil,adjective,安靜的/平靜的/安寧的
1281,transcend,verb,超越/超過/超出（尤指界限）
1282,transcribe,verb,記錄下/抄錄/改編（樂曲）
1283,transformative,adjective,徹底改觀的/使大變樣的/有改造能力的
1284,transience,noun,短暫/無常/暫住
1285,transit,noun,運輸/輸送/（尤指用來運貨的）一種小型車輛/「全順」貨車
1286,transmit,verb,播送/發射/傳遞
1287,trawl,noun,搜羅/搜集/網羅/拖網
1288,trawl,verb,在…用拖網捕魚/搜羅/搜集/網羅
1289,treaty,noun,條約/協定
1290,trench,noun,壕溝；溝渠/戰壕/塹壕
1291,trespass,noun,擅自進入/侵入（他人土地或建築物）/（違反道德或宗教律法的）罪過
1292,trespass,verb,擅自進入/侵入（他人土地或建築物）/違犯道德（或社會法規）
1293,tributary,noun,（河流或湖泊的）支流
1294,trifle,noun,包括一層水果海綿蛋糕、一層蛋奶醬和一層鮮奶油）/瑣事；零碎；小東西/稍微/略微
1295,trivialize,verb,使顯得不重要
1296,tune (sb/sth) out,phrasal verb,不理睬/對…置之不理
1297,turbulence,noun,騷亂/動盪/混亂/湍流
1298,turmoil,noun,混亂/騷亂/動亂
1299,turnover,noun,成交量/人員調整率
1300,twitch,noun,抽搐/抽動/拉扯
1301,twitch,verb,（使）抽搐/（使）抽動/拉扯
1302,tycoon,noun,（商界或企業界的）巨頭/大亨
1303,tyranny,noun,暴政/專制統治/暴虐/專橫
1304,ubiquity,noun,（人或物）無處不在/普遍存在
1305,ultra,noun,（尤指政治上的）過激分子/（可能有極端政治觀點的）極端足球迷/（比馬拉松距離還要長的）超級馬拉松/超馬
1306,ultra,prefix,極/超/超長距離
1307,unanimous,adjective,（團體）意見一致的/（決定或裁決）一致通過的/獲得全體支援的
1308,unbending,adjective,固執的；倔強的；堅定的
1309,underline,verb,（尤指爲了強調）在（詞語）下面畫線/強調/突出
1310,underlying,adjective,暗含的/深層的/潛在的/以…為基礎的
1311,undermine,verb,（常指逐漸地）削弱信心、權威等/損害
1312,underscore,noun,下劃線
1313,underscore,verb,（尤指為了強調）在（詞語）下面畫線
1314,underway,adjective,正在進行的；正在發生的/開始
1315,unearth,verb,發掘/掘出/使出土/（尤指在仔細搜尋之後）發現
1316,unflinching,adjective,不畏縮的/堅定無畏的/不屈不撓的
1317,unleash,verb,突然釋放/使爆發
1318,unrelenting,adjective,堅定不移的；不鬆懈的；不屈不撓的
1319,unruly,adjective,（人）難以控制的/蓬亂的
1320,unsung,adjective,（勤奮工作、英勇行爲、巨大成就等）被埋沒的/未得到讚揚的
1321,unveil,verb,爲…揭幕/（首次）展示/介紹/推出；將…公諸於眾
1322,unwavering,adjective,不動的；目光不旁移的/從不動搖的/從不變弱的
1323,unwind,verb,解開/鬆開（捲繞之物）/輕鬆
1324,unyielding,adjective,堅定的；不屈服的；固執的/堅挺的/不易彎曲的
1325,upheaval,noun,激變/動盪/劇變
1326,uphold,verb,支援/維護/贊成（尤指法律上的決議）
1327,uptick,noun,發展|上升
1328,urine,noun,尿液/小便
1329,utility,noun,公用事業；（電、煤氣、鐵路等）公共設施/有用性；（尤指）實用性
1330,utter,adjective,完全的；十足的；極度的
1331,utter,verb,說/講/出聲
1332,utterance,noun,說話/講話/用語言表達
1333,vanity,adjective,虛榮的
1334,vanity,noun,虛榮；自負/梳妝臺/（帶有盥洗盆的）浴室櫃/組合式盥洗盆
1335,varmint,noun,令人討厭的動物；害蟲；害鳥；害獸/頑童/淘氣鬼
1336,venture,noun,（有風險的）企業/投機活動/商業冒險
1337,venture,verb,冒險去（或做）/冒昧地說
1338,versatile,adjective,多種用途的/萬用的/多才多藝的
1339,vessel,noun,船/器皿/（有某種特質或用途的）人/（人體的）血管
1340,vigorous,adjective,充滿活力的/有力量的/強壯的
1341,villain,noun,流氓；惡棍/罪犯/反面人物/首要危險；禍首
1342,virtual,adjective,幾乎…的；實質上的/（透過電腦）虛擬的
1343,virtue,noun,美德/高尚品德/優點；好處/由於/憑藉
1344,vortex,noun,漩渦/渦流/（困境的）漩渦
1345,vow,noun,誓言/誓約
1346,vow,verb,發誓/立誓
1347,vulgar,adjective,粗俗的/庸俗的/不雅的/猥褻的
1348,vulture,noun,禿鷲/兀鷲/趁火打劫的人（或機構）；乘人之危的人（或機構）
1349,waddle,verb,（通常指肥胖腿短的人或動物）蹣跚而行/搖搖擺擺地走
1350,wail,noun,慟哭/號啕大哭
1351,wail,verb,慟哭；號啕大哭/高聲抱怨/大發牢騷
1352,ward sb/sth off,phrasal verb,避開/阻止
1353,wardrobe,noun,衣櫥/（某人的）全部衣服/（劇院等的）服裝保管部
1354,watered-down,adjective,（意見或觀點）減弱了的/減輕了的/降低了的
1355,wavering,adjective,乏力/動搖/ 猶豫不決/ 舉棋不定
1356,wavering,noun,搖擺不定
1357,weep,verb,哭泣/流（淚）/（傷口）流出液體/滲出膿液
1358,whereabouts,adverb,在何處
1359,whereabouts,noun,（某人或某物的）行蹤/下落/去向
1360,whine,noun,刺耳的尖聲
1361,whine,verb,發出哀鳴/發出哀叫聲/（尤指小孩）不停地嘀咕/哼哼唧唧
1362,whip sth up,phrasal verb,煽動；激起/趕出來（一頓飯）/迅速做（飯）
1363,wicked,adjective,邪惡的/缺德的/惡作劇的/優秀的/極好的
1364,windfall,noun,意外之財/被風吹落的水果
1365,wither,verb,（使）枯萎/（使）乾枯/萎縮/逐漸消失
1366,work out,phrasal verb,鍛煉身體/結果是/算下來/發生；發展
1367,wrap (sb) up,phrasal verb,（使某人）穿得暖和
1368,wrestle,verb,（尤指作為運動）（與…）摔跤/角力/（將…）摔倒
1369,wrongdoing,noun,做壞事/違法犯罪
1370,yarn,noun,紗；紗線/故事/奇聞漫談
1371,yearn,verb,渴望/切盼/渴求
1372,zooplankton,noun,浮游動物
